INSERT INTO City (zip, name, canton)
VALUES (1000, 'Lausanne', 'VD'),
       (1001, 'Lausanne', 'VD'),
       (1002, 'Lausanne', 'VD'),
       (1003, 'Lausanne', 'VD'),
       (1004, 'Lausanne', 'VD'),
       (1005, 'Lausanne', 'VD'),
       (1006, 'Lausanne', 'VD'),
       (1007, 'Lausanne', 'VD'),
       (1008, 'Prilly', 'VD'),
       (1009, 'Pully', 'VD'),
       (1010, 'Lausanne', 'VD'),
       (1011, 'Lausanne', 'VD'),
       (1012, 'Lausanne', 'VD'),
       (1013, 'Lausanne', 'VD'),
       (1014, 'Lausanne', 'VD'),
       (1015, 'Lausanne', 'VD'),
       (1016, 'Lausanne', 'VD'),
       (1018, 'Lausanne', 'VD'),
       (1019, 'Lausanne', 'VD'),
       (1020, 'Renens VD', 'VD'),
       (1022, 'Chavannes-près-Renens', 'VD'),
       (1023, 'Crissier', 'VD'),
       (1024, 'Ecublens VD', 'VD'),
       (1025, 'St-Sulpice VD', 'VD'),
       (1026, 'Denges', 'VD'),
       (1027, 'Lonay', 'VD'),
       (1028, 'Préverenges', 'VD'),
       (1029, 'Villars-Ste-Croix', 'VD'),
       (1030, 'Bussigny', 'VD'),
       (1031, 'Mex VD', 'VD'),
       (1032, 'Romanel-sur-Lausanne', 'VD'),
       (1033, 'Cheseaux-sur-Lausanne', 'VD'),
       (1034, 'Boussens', 'VD'),
       (1035, 'Bournens', 'VD'),
       (1036, 'Sullens', 'VD'),
       (1037, 'Etagnières', 'VD'),
       (1038, 'Bercher', 'VD'),
       (1040, 'Echallens', 'VD'),
       (1400, 'Yverdon-les-Bains', 'VD');

INSERT INTO Address (zipCity, street, streetNumber)
VALUES (1001, 'Rue de Bourg', 51),
       (1008, 'Chemin du Centre', 67),
       (1010, 'Rue de la Grotte', 2),
       (1020, 'Rue du Centre', 1),
       (1023, 'Avenue de la Source', 69),
       (1025, 'Chemin de la Piscine', 5),
       (1027, 'Chemin du Goudron', 2),
       (1029, 'Chemin de la Riaz', 2),
       (1030, 'Rue de la Gare', 6),
       (1040, 'Rue du Château', 8),
       (1400, 'Rue des Moulins', 5);

INSERT INTO Category (name, parentCategory)
VALUES ('Véhicules', NULL),
       ('Voitures', 'Véhicules'),
       ('Motos', 'Véhicules'),
       ('Vélos', 'Véhicules'),
       ('Informatique', NULL),
       ('Ordinateurs', 'Informatique'),
       ('Périphériques', 'Informatique'),
       ('Smartphones', 'Informatique'),
       ('Electroménager', NULL),
       ('Cuisine', 'Electroménager'),
       ('Maison', 'Electroménager'),
       ('Jardin', 'Electroménager'),
       ('Bricolage', NULL),
       ('Outils', 'Bricolage'),
       ('Matériaux', 'Bricolage'),
       ('Jardinage', 'Bricolage'),
       ('Loisirs', NULL),
       ('Jeux', 'Loisirs'),
       ('Sport', 'Loisirs'),
       ('Musique', 'Loisirs'),
       ('Livres', 'Loisirs'),
       ('Films', 'Loisirs'),
       ('Vêtements', NULL),
       ('Homme', 'Vêtements'),
       ('Femme', 'Vêtements'),
       ('Enfant', 'Vêtements'),
       ('Autres', NULL);

INSERT INTO "User" (idAddress, firstname, lastname, mail, password, phoneNumber, status)
VALUES (1, 'Michael', 'Dupont', 'michael@dupont.ch', '1234', '+41791234567', 'ACTIVE'),
       (2, 'Marie', 'Lemarie', 'marie@lemaire.ch', '1234', '+41792345678', 'ACTIVE'),
       (3, 'Pierre', 'Lapierre', 'pierre@lapierre.ch', '1234', '+41793456789', 'ACTIVE'),
       (4, 'Pascal', 'Depaquier', 'pascal@depaquier.ch', '1234', '+41794567890', 'ACTIVE'),
       (5, 'Jean', 'Lejean', 'jean@lejean.ch', '1234', '+41795678901', 'ACTIVE'),
       (6, 'Paul', 'Lepaul', 'paul@lepaul.ch', '1234', '+41796789012', 'ACTIVE'),
       (7, 'Alice', 'Lecoin', 'alice@lecoin.ch', '1234', '+41797890123', 'ACTIVE'),
       (8, 'Gertrude', 'Bidule', 'gertrude@bidule.ch', '1234', '+417978901234', 'ACTIVE');

INSERT INTO Advertisement (idAddress, idUser, nameCategory, title, description, price, priceInterval, status)
VALUES (1, 1, 'Outils', 'Perceuse', 'Perceuse Bosch', 30, 'WEEK', 'ACTIVE'),
       (2, 2, 'Voitures', 'Voiture Mercedes', 'Voiture de luxe', 100, 'DAY', 'ACTIVE'),
       (3, 3, 'Vélos', 'Vélo de course', 'Vélo de course', 20, 'DAY', 'ACTIVE'),
       (4, 4, 'Ordinateurs', 'Ordinateur portable', 'Ordinateur portable', 30, 'MONTH', 'ACTIVE'),
       (5, 5, 'Cuisine', 'Casserole', 'Casserole en inox', 25, 'WEEK', 'ACTIVE'),
       (6, 6, 'Jardin', 'Tondeuse', 'Tondeuse à gazon', 15, 'DAY', 'ACTIVE'),
       (7, 7, 'Jeux', 'Jeu de société', 'Jeu de société', 5, 'DAY', 'ACTIVE'),
       (1, 1, 'Sport', 'Raquette de tennis', 'Raquette de tennis', 5, 'DAY', 'ACTIVE'),
       (1, 1, 'Musique', 'Guitare', 'Guitare', 10, 'DAY', 'ACTIVE'),
       (1, 2, 'Livres', 'Livre de cuisine', 'Livre de cuisine', 5, 'DAY', 'ACTIVE'),
       (2, 2, 'Films', 'DVD', 'DVD', 5, 'DAY', 'ACTIVE'),
       (2, 4, 'Homme', 'Chemise', 'Chemise', 25, 'WEEK', 'ACTIVE'),
       (3, 5, 'Femme', 'Robe', 'Robe', 25, 'WEEK', 'ACTIVE'),
       (4, 6, 'Enfant', 'Jouet', 'Jouet', 5, 'DAY', 'ACTIVE'),
       (5, 7, 'Autres', 'Autre', 'Autre', 5, 'DAY', 'ACTIVE');

INSERT INTO Rental (idUser, idAdvertisement, startDate, endDate, paymentDate, comment, statusRental, paymentMethod)
VALUES (1, 4, '2020-01-01 00:00:00', '2020-01-02 00:00:00', '2020-01-01 00:00:00', 'Comm1', 'RESERVATION_ASKED',
        'TWINT'),
       (2, 5, '2020-02-01 00:00:00', '2020-02-12 00:00:00', '2020-01-01 00:00:00', 'Comm2', 'RESERVATION_CONFIRMED',
        'CASH'),
       (3, 6, '2020-03-01 00:00:00', '2020-03-05 00:00:00', '2020-01-01 00:00:00', 'Comme3', 'RESERVATION_CANCELED',
        'TWINT'),
       (4, 7, '2020-04-01 00:00:00', '2020-04-02 00:00:00', '2020-01-01 00:00:00', 'Comm4', 'LOCATION_ONGOING',
        'CASH'),
       (5, 8, '2020-05-01 00:00:00', '2020-05-02 00:00:00', '2020-01-01 00:00:00', 'Comm5', 'ITEM_RETURNED', 'TWINT'),
       (6, 9, '2020-06-01 00:00:00', '2020-06-02 00:00:00', '2020-01-01 00:00:00', 'Comm6', 'LOCATION_CANCELED',
        'CASH'),
       (7, 10, '2020-07-01 00:00:00', '2020-07-02 00:00:00', '2020-01-01 00:00:00', 'Comm7', 'LOCATION_FINISHED',
        'TWINT');